{"cameraMode":{"drawMode":0,"name":"Shaded","section":"Shading Mode"},"sceneLighting":true,"audioPlay":false,"sceneViewState":{"m_AlwaysRefresh":false,"showFog":true,"showSkybox":true,"showFlares":true,"showImageEffects":true,"showParticleSystems":true,"showVisualEffectGraphs":true,"m_FxEnabled":true},"in2DMode":false,"pivot":{"x":-178.78863525390626,"y":254.35658264160157,"z":-247.6311492919922},"rotation":{"x":0.2561001777648926,"y":0.37581270933151247,"z":-0.10887697339057923,"w":0.8839464783668518},"size":0.27394917607307436,"orthographic":true}