{"cameraMode":{"drawMode":0,"name":"Shaded","section":"Shading Mode"},"sceneLighting":true,"audioPlay":false,"sceneViewState":{"m_AlwaysRefresh":false,"showFog":true,"showSkybox":true,"showFlares":true,"showImageEffects":true,"showParticleSystems":true,"showVisualEffectGraphs":true,"m_FxEnabled":true},"in2DMode":false,"pivot":{"x":93.59270477294922,"y":3.0369815826416017,"z":35.181427001953128},"rotation":{"x":-0.19769345223903657,"y":0.006124849431216717,"z":0.0033427628222852947,"w":-0.9806302189826965},"size":2.10607647895813,"orthographic":true}