{"cameraMode":{"drawMode":0,"name":"Shaded","section":"Shading Mode"},"sceneLighting":true,"audioPlay":false,"sceneViewState":{"m_AlwaysRefresh":false,"showFog":true,"showSkybox":true,"showFlares":true,"showImageEffects":true,"showParticleSystems":true,"showVisualEffectGraphs":true,"m_FxEnabled":true},"in2DMode":false,"pivot":{"x":104.33438873291016,"y":2.429532051086426,"z":25.66755485534668},"rotation":{"x":-0.00736658601090312,"y":0.9924454689025879,"z":-0.12349885702133179,"w":-0.022724520415067674},"size":0.9693590402603149,"orthographic":true}