{"cameraMode":{"drawMode":0,"name":"Shaded","section":"Shading Mode"},"sceneLighting":true,"audioPlay":false,"sceneViewState":{"m_AlwaysRefresh":false,"showFog":true,"showSkybox":true,"showFlares":true,"showImageEffects":true,"showParticleSystems":true,"showVisualEffectGraphs":true,"m_FxEnabled":true},"in2DMode":false,"pivot":{"x":107.54051208496094,"y":5.132997035980225,"z":30.483177185058595},"rotation":{"x":-0.06122200936079025,"y":0.9049159288406372,"z":-0.12598608434200288,"w":-0.40281301736831667},"size":1.308884859085083,"orthographic":true}