{"cameraMode":{"drawMode":0,"name":"Shaded","section":"Shading Mode"},"sceneLighting":true,"audioPlay":false,"sceneViewState":{"m_AlwaysRefresh":false,"showFog":true,"showSkybox":true,"showFlares":true,"showImageEffects":true,"showParticleSystems":true,"showVisualEffectGraphs":true,"m_FxEnabled":true},"in2DMode":false,"pivot":{"x":312.81085205078127,"y":272.219970703125,"z":175.14051818847657},"rotation":{"x":0.21316026151180268,"y":-0.07173669338226319,"z":0.015695109963417054,"w":0.9742563366889954},"size":182.81399536132813,"orthographic":true}